{
  "parcel_size": {
    "precision": 0.9166666666666666,
    "recall": 0.8148148148148148,
    "f1-score": 0.8627450980392156,
    "support": 27,
    "confused_with": {
      "parcel_shape": 2
    }
  },
  "shipping_speed": {
    "precision": 0.8780487804878049,
    "recall": 0.8,
    "f1-score": 0.8372093023255814,
    "support": 45,
    "confused_with": {}
  },
  "parcel_shape": {
    "precision": 0.8985507246376812,
    "recall": 0.8493150684931506,
    "f1-score": 0.8732394366197183,
    "support": 73,
    "confused_with": {
      "parcel_size": 1
    }
  },
  "zip": {
    "precision": 0.9516129032258065,
    "recall": 0.9833333333333333,
    "f1-score": 0.9672131147540983,
    "support": 120,
    "confused_with": {}
  },
  "micro avg": {
    "precision": 0.9224806201550387,
    "recall": 0.8981132075471698,
    "f1-score": 0.910133843212237,
    "support": 265
  },
  "macro avg": {
    "precision": 0.9112197687544897,
    "recall": 0.8618658041603247,
    "f1-score": 0.8851017379346534,
    "support": 265
  },
  "weighted avg": {
    "precision": 0.9209431939909386,
    "recall": 0.8981132075471698,
    "f1-score": 0.9086059958318536,
    "support": 265
  }
}