{
  "chitchat/goodbye": {
    "precision": 0.5,
    "recall": 0.5,
    "f1-score": 0.5,
    "support": 6,
    "confused_with": {
      "chitchat/ask_name": 2,
      "chitchat/help": 1
    }
  },
  "chitchat/greet": {
    "precision": 1.0,
    "recall": 0.7692307692307693,
    "f1-score": 0.8695652173913044,
    "support": 13,
    "confused_with": {
      "chitchat/goodbye": 2,
      "chitchat/help": 1
    }
  },
  "chitchat/ask_name": {
    "precision": 0.36363636363636365,
    "recall": 0.6666666666666666,
    "f1-score": 0.4705882352941177,
    "support": 6,
    "confused_with": {
      "chitchat/help": 2
    }
  },
  "chitchat/help": {
    "precision": 0.42857142857142855,
    "recall": 0.42857142857142855,
    "f1-score": 0.42857142857142855,
    "support": 7,
    "confused_with": {
      "chitchat/ask_name": 3,
      "chitchat/thank": 1
    }
  },
  "chitchat/bot_challenge": {
    "precision": 1.0,
    "recall": 0.8333333333333334,
    "f1-score": 0.9090909090909091,
    "support": 6,
    "confused_with": {
      "chitchat/ask_name": 1
    }
  },
  "chitchat/thank": {
    "precision": 0.8,
    "recall": 0.6666666666666666,
    "f1-score": 0.7272727272727272,
    "support": 6,
    "confused_with": {
      "chitchat/goodbye": 1,
      "chitchat/ask_name": 1
    }
  },
  "accuracy": 0.6590909090909091,
  "macro avg": {
    "precision": 0.682034632034632,
    "recall": 0.644078144078144,
    "f1-score": 0.6508480862700812,
    "support": 44
  },
  "weighted avg": {
    "precision": 0.7268595041322313,
    "recall": 0.6590909090909091,
    "f1-score": 0.6805922512734882,
    "support": 44
  }
}